query,label
How do I implement a binary search tree in Python?,Code example
What's the difference between == and === in JavaScript?,Explanation
My code keeps throwing a NullPointerException, what should I check?,Error help
Can you explain Big O notation in simple terms?,Explanation
What are some best practices for writing clean code?,Best practices
This chatbot is really helpful!,Feedback
How do I handle API rate limiting properly?,Best practices
Getting 'undefined is not a function' error in my React app,Error help
Could you show me how to implement a REST API in Node.js?,Code example
What's the purpose of dependency injection?,Explanation
The responses are too slow,Feedback
How do I optimize database queries?,Best practices
Can you help me with this stack overflow error?,Error help
What's the difference between SQL and NoSQL?,General Q&A
Show me how to implement authentication in Express,Code example
Why am I getting a CORS error in my frontend?,Error help
What are the SOLID principles?,Explanation
How do I properly structure a React project?,Best practices
Example of using async/await in JavaScript?,Code example
This bot needs improvement on technical questions,Feedback
What's the best way to handle errors in Python?,Best practices
How do I fix memory leaks in my application?,Error help
Can you explain how blockchain works?,General Q&A
Show me how to implement a linked list,Code example
What's the difference between process and thread?,Explanation
The answers are very accurate,Feedback
How do I secure my API endpoints?,Best practices
Getting 'cannot read property of undefined' error,Error help
Example of using Redux with React?,Code example
What is dependency inversion principle?,Explanation
How do I implement unit testing in Java?,Code example
What's causing this segmentation fault?,Error help
Best practices for password storage?,Best practices
What is machine learning?,General Q&A
Show me how to use WebSocket,Code example
Really disappointed with the response time,Feedback
How do I handle concurrent requests?,Best practices
My Docker container keeps crashing,Error help
What's the difference between GET and POST?,Explanation
Example of sorting algorithms implementation?,Code example
Thanks for the great explanations!,Feedback
How do I prevent SQL injection?,Best practices
Why is my function returning undefined?,Error help
What is cloud computing?,General Q&A
Show me how to implement OAuth2,Code example
Can you explain recursion?,Explanation
Not getting accurate technical answers,Feedback
Best way to handle state in React?,Best practices
Getting 500 internal server error,Error help
How do I implement JWT authentication?,Code example
What is microservices architecture?,Explanation
The code examples are very helpful,Feedback
How to properly use git branches?,Best practices
My CSS styles are not applying,Error help
What's the difference between var, let, and const?,Explanation
Show me how to use Promise.all,Code example
What is containerization?,General Q&A
How do I optimize React performance?,Best practices
TypeError: Cannot read property 'map',Error help
Example of implementing a queue data structure?,Code example
What is dependency injection container?,Explanation
This chatbot needs more training,Feedback
How do I handle form validation?,Best practices
Getting webpack build errors,Error help
What is the difference between CPU and GPU?,General Q&A
Show me how to implement merge sort,Code example
Can you explain design patterns?,Explanation
Very satisfied with the responses,Feedback
Best practices for API versioning?,Best practices
My database connection keeps timing out,Error help
How do I implement infinite scrolling?,Code example
What is the CAP theorem?,Explanation
The explanations could be clearer,Feedback
How do I secure environment variables?,Best practices
Getting 'module not found' error,Error help
What is quantum computing?,General Q&A
Show me how to use GraphQL,Code example
What is the observer pattern?,Explanation
Great improvement in responses!,Feedback
How do I implement caching?,Best practices
My tests are failing randomly,Error help
Example of using generators in Python?,Code example
What is event sourcing?,Explanation
Not helpful for beginners,Feedback
Best practices for code reviews?,Best practices
Getting memory overflow errors,Error help
How do blockchain smart contracts work?,General Q&A
Show me how to implement debouncing,Code example
What is the difference between library and framework?,Explanation
Very accurate technical answers,Feedback
How do I handle race conditions?,Best practices
My API calls are failing silently,Error help
Example of implementing a hash table?,Code example
What is eventual consistency?,Explanation
Could use more code examples,Feedback
How do I implement logging properly?,Best practices
Getting cross-origin request blocked,Error help
What is edge computing?,General Q&A
Show me how to use decorators,Code example
Can you explain monads?,Explanation
The responses are too technical,Feedback
Best practices for error handling?,Best practices
My images won't load in production,Error help
How do I implement pagination?,Code example
What is functional programming?,Explanation
Really helpful for debugging!,Feedback
How do I optimize Docker builds?,Best practices
Getting undefined reference errors,Error help
What is serverless architecture?,General Q&A
Show me how to implement caching,Code example
What is inversion of control?,Explanation
Needs more detailed explanations,Feedback
How do I handle database migrations?,Best practices
My SSL certificate is invalid,Error help
Example of using generators in JavaScript?,Code example
What is event-driven architecture?,Explanation
The bot is getting smarter!,Feedback
How do I implement rate limiting?,Best practices
Getting 'maximum call stack' error,Error help
What is quantum supremacy?,General Q&A
Show me how to use async iterators,Code example
What is the strategy pattern?,Explanation
Very helpful code examples,Feedback
Best practices for microservices?,Best practices
My Redis connection is failing,Error help
How do I implement websockets?,Code example
What is CQRS pattern?,Explanation
Could improve error handling,Feedback
How do I implement CI/CD?,Best practices
Getting 'port already in use' error,Error help
What is edge AI?,General Q&A
Show me how to use generators,Code example
What is reactive programming?,Explanation
Excellent technical depth!,Feedback
How do I handle database sharding?,Best practices
My Docker network is unreachable,Error help
Example of implementing binary search?,Code example
What is domain-driven design?,Explanation
Not detailed enough answers,Feedback
How do I implement authentication?,Best practices
Getting 'heap out of memory' error,Error help
What is quantum encryption?,General Q&A
Show me how to use async generators,Code example
What is the facade pattern?,Explanation
Very precise answers!,Feedback
How do I handle database indexing?,Best practices
My GraphQL queries are failing,Error help
Example of implementing quick sort?,Code example
What is event sourcing pattern?,Explanation
Needs more practical examples,Feedback
How do I implement load balancing?,Best practices
Getting 'invalid syntax' error,Error help
What is edge computing security?,General Q&A
Show me how to implement streams,Code example
What is the composite pattern?,Explanation
Great improvement over time!,Feedback
How do I handle data validation?,Best practices
My Kubernetes pods are crashing,Error help
Example of using async/await in Python?,Code example
What is hexagonal architecture?,Explanation
The responses are too brief,Feedback
How do I implement monitoring?,Best practices
Getting 'type mismatch' error,Error help
What is quantum machine learning?,General Q&A
Show me how to use iterators,Code example
What is the adapter pattern?,Explanation
Very helpful for learning!,Feedback
How do I handle data migration?,Best practices
My cache is not updating,Error help
Example of implementing trees?,Code example
What is clean architecture?,Explanation
Could be more beginner-friendly,Feedback
How do I implement security testing?,Best practices
Getting 'stack overflow' error,Error help
What is quantum networking?,General Q&A
Show me how to use generators in TypeScript,Code example
What is the bridge pattern?,Explanation
Excellent technical support!,Feedback
How do I handle data backup?,Best practices
My DNS resolution is failing,Error help
Example of implementing graphs?,Code example
What is onion architecture?,Explanation
Very comprehensive answers!,Feedback
How do I implement logging?,Best practices
Getting 'deadlock detected' error,Error help
What is quantum cryptography?,General Q&A
Show me how to implement sorting,Code example
What is the proxy pattern?,Explanation
Needs more examples,Feedback
How do I handle data replication?,Best practices
My cache is inconsistent,Error help
Example of using async iterators in TypeScript?,Code example
What is microkernel architecture?,Explanation
The bot is very knowledgeable!,Feedback
How do I implement monitoring?,Best practices
Getting 'race condition' error,Error help
What is quantum computing applications?,General Q&A
Show me how to implement trees,Code example
What is the decorator pattern?,Explanation
Very helpful responses!,Feedback
How do I handle data partitioning?,Best practices
My load balancer is failing,Error help
Example of implementing hash maps?,Code example
What is pipes and filters architecture?,Explanation
Could improve response time,Feedback
How do I implement security?,Best practices
Getting 'memory leak detected' error,Error help
What is quantum algorithms?,General Q&A
Show me how to implement graphs,Code example
What is the command pattern?,Explanation
Excellent technical accuracy!,Feedback
"How does a binary search algorithm work?","Explanation"
"Can you show me how to implement a linked list in Python?","Code example"
"Why am I getting NullPointerException in my Java code?","Error help"
"What's the best way to structure a React component?","Best practices"
"What's the difference between SQL and NoSQL?","General Q&A"
"This chatbot is really helpful, thanks!","Feedback"
"Could you explain the concept of recursion?","Explanation"
"Give me an example of a REST API in Node.js","Code example"
"My Docker container keeps crashing on startup","Error help"
"How should I handle API authentication securely?","Best practices"
"When was Python first released?","General Q&A"
"The code examples could be more detailed","Feedback"
"What is dependency injection and why is it useful?","Explanation"
"Show me how to implement bubble sort","Code example"
"Getting 'undefined is not a function' in JavaScript","Error help"
"What's the recommended way to store passwords?","Best practices"
"Which IDE is better for Python development?","General Q&A"
"Your explanations are very clear and helpful","Feedback"
"Can you explain how HTTPS works?","Explanation"
"Example of using async/await in JavaScript","Code example"
"Why does my CSS flexbox not working?","Error help"
"Best practices for writing unit tests","Best practices"
"What's the salary range for junior developers?","General Q&A"
"The response time could be faster","Feedback"
"How does garbage collection work in Java?","Explanation"
"Show me how to connect to MongoDB in Python","Code example"
"Getting 500 error in my Express server","Error help"
"What's the proper way to handle exceptions?","Best practices"
"Is bootcamp better than college for coding?","General Q&A"
"Love the code examples, very practical","Feedback"
"Explain the concept of polymorphism","Explanation"
"How to implement OAuth2 authentication","Code example"
"My React components aren't rendering","Error help"
"Best practices for API versioning","Best practices"
"Which programming language should I learn first?","General Q&A"
"The error messages could be more specific","Feedback"
"What's the difference between TCP and UDP?","Explanation"
"Example of using Redux with React","Code example"
"Why is my database query so slow?","Error help"
"How should I structure my Git commits?","Best practices"
"What's the future of web development?","General Q&A"
"Great help with debugging my code","Feedback"
"How does blockchain technology work?","Explanation"
"Show me how to use WebSocket in Node.js","Code example"
"Getting CORS error in my API calls","Error help"
"Best practices for mobile-first design","Best practices"
"What's the difference between let and var?","General Q&A"
"Could improve the response accuracy","Feedback"
"Explain the concept of threading","Explanation"
"Example of implementing JWT auth","Code example"
"My Docker build is failing","Error help"
"How should I organize my React project?","Best practices"
"What's the best cloud provider?","General Q&A"
"Very helpful with error resolution","Feedback"
"How does machine learning work?","Explanation"
"Show me how to use GraphQL queries","Code example"
"TypeError: Cannot read property of undefined","Error help"
"Best practices for code review","Best practices"
"Which framework is best for web apps?","General Q&A"
"The examples are too basic","Feedback"
"What is microservices architecture?","Explanation"
"Example of using Kubernetes config","Code example"
"My CI/CD pipeline is failing","Error help"
"How to properly document code?","Best practices"
"What's the average developer workday like?","General Q&A"
"Thanks for the quick response","Feedback"
"How does DNS resolution work?","Explanation"
"Show me how to use Docker Compose","Code example"
"Getting memory leak in my application","Error help"
"Best practices for database indexing","Best practices"
"How long does it take to learn coding?","General Q&A"
"Need more advanced examples","Feedback"
"Explain how virtual memory works","Explanation"
"Example of implementing caching","Code example"
"Why is my API returning 403?","Error help"
"How to handle sensitive data?","Best practices"
"What's the best laptop for programming?","General Q&A"
"The bot sometimes misunderstands questions","Feedback"
"How does public key encryption work?","Explanation"
"Show me how to use AWS Lambda","Code example"
"My tests are failing randomly","Error help"
"Best practices for code deployment","Best practices"
"Which certification should I get?","General Q&A"
"Really helped with my project","Feedback"
"What is eventual consistency?","Explanation"
"Example of using Docker networks","Code example"
"Getting deadlock in database","Error help"
"How to implement CI/CD properly?","Best practices"
"What's better: Angular or React?","General Q&A"
"Could use more real-world examples","Feedback"
"How does load balancing work?","Explanation"
"Show me how to use Redis cache","Code example"
"My API is timing out","Error help"
"Best practices for microservices","Best practices"
"How much math do I need for programming?","General Q&A"
"Very clear and concise answers","Feedback"
"Explain CAP theorem","Explanation"
"Example of implementing OAuth","Code example"
"Getting webpack build errors","Error help"
"How to scale databases properly?","Best practices"
"What's the best way to learn coding?","General Q&A"
"The explanations are too technical","Feedback"
"How does garbage collection work?","Explanation"
"Show me how to use TypeScript","Code example"
"My form validation isn't working","Error help"
"Best practices for API security","Best practices"
"Should I learn multiple languages?","General Q&A"
"Helped me fix my bug quickly","Feedback"
"What is event sourcing?","Explanation"
"Example of using GraphQL mutations","Code example"
"Getting SSL certificate errors","Error help"
"How to handle API rate limiting?","Best practices"
"What's the job market like for developers?","General Q&A"
"Would like more interactive features","Feedback"
"How does HTTP/2 work?","Explanation"
"Show me how to use Elasticsearch","Code example"
"My cache is not updating","Error help"
"Best practices for error handling","Best practices"
"Which bootcamp is the best?","General Q&A"
"The responses are very helpful","Feedback"
"How does list comprehension work in Python?",Explanation
"Can you show me how to read a JSON file in Python?",Code example
"Why am I getting IndexError: list index out of range?",Error help
"What's the best way to handle exceptions in Python?",Best practices
"When was Python first released?",General Q&A
"This code example really helped me understand decorators!",Feedback
"Explain the difference between tuples and lists",Explanation
"Give me an example of using pandas to read CSV files",Code example
"My dictionary keeps throwing KeyError, what's wrong?",Error help
"How should I structure a large Python project?",Best practices
"Which Python IDE do you recommend?",General Q&A
"The explanation about generators was confusing",Feedback
"What are Python decorators and how do they work?",Explanation
"Show me how to implement a binary search tree",Code example
"Getting TypeError: 'NoneType' object is not subscriptable",Error help
"What's the recommended way to handle API keys?",Best practices
"Is Python good for machine learning?",General Q&A
"Your examples are always very clear and helpful",Feedback
"How does garbage collection work in Python?",Explanation
"Can you demonstrate multiprocessing with an example?",Code example
"Why do I get IndentationError in my code?",Error help
"What's the most efficient way to concatenate strings?",Best practices
"What's new in Python 3.9?",General Q&A
"The error explanations could be more detailed",Feedback
"Explain the Global Interpreter Lock (GIL)",Explanation
"Show how to create a simple REST API with Flask",Code example
"Getting ModuleNotFoundError with import statement",Error help
"How should I name my Python variables?",Best practices
"Who created Python?",General Q&A
"Thanks for helping me understand classes better",Feedback
"What's the difference between __str__ and __repr__?",Explanation
"Example of using async/await in Python",Code example
"Why isn't my regular expression matching?",Error help
"Best practices for Python unit testing",Best practices
"How popular is Python?",General Q&A
"Could you provide more advanced examples?",Feedback
"How do context managers work?",Explanation
"Show me how to use threading in Python",Code example
"AttributeError: 'NoneType' object has no attribute",Error help
"What's the proper way to handle passwords?",Best practices
"What companies use Python?",General Q&A
"The best practices section was very useful",Feedback
"Explain Python's memory management",Explanation
"Example of creating a GUI with tkinter",Code example
"ZeroDivisionError in my calculation",Error help
"How should I document my Python code?",Best practices
"Is Python case sensitive?",General Q&A
"Your code examples need more comments",Feedback
"How do Python generators work?",Explanation
"Show me how to connect to a database",Code example
"SyntaxError: invalid syntax in my loop",Error help
"Best way to handle configuration files",Best practices
"What's the latest Python version?",General Q&A
"The explanations are too technical",Feedback
"What are metaclasses in Python?",Explanation
"Example of web scraping with BeautifulSoup",Code example
"ValueError: too many values to unpack",Error help
"How should I optimize Python code?",Best practices
"Does Python run on mobile devices?",General Q&A
"Really appreciate the detailed responses",Feedback
"How does inheritance work in Python?",Explanation
"Show me how to use numpy arrays",Code example
"TypeError: object is not callable",Error help
"What's the best way to handle logging?",Best practices
"What are Python's limitations?",General Q&A
"The error messages are very helpful",Feedback
"Explain Python's pass by reference",Explanation
"Example of using decorators with parameters",Code example
"ImportError: No module named requests",Error help
"How should I handle sensitive data?",Best practices
"Is Python good for beginners?",General Q&A
"Could you add more practical examples?",Feedback
"How do Python closures work?",Explanation
"Show me how to create a class",Code example
"PermissionError when writing to file",Error help
"Best practices for error handling",Best practices
"What's Python used for?",General Q&A
"The best practices are very practical",Feedback
"Explain Python's MRO (Method Resolution Order)",Explanation
"Example of using pytest fixtures",Code example
"RuntimeError in my recursive function",Error help
"How should I version my Python packages?",Best practices
"What's the difference between Python 2 and 3?",General Q&A
"Your explanations are easy to follow",Feedback
"How does the yield keyword work?",Explanation
"Show me how to use argparse",Code example
"MemoryError in large data processing",Error help
"What's the best way to handle dependencies?",Best practices
"Can Python be compiled?",General Q&A
"The code examples need more explanation",Feedback
"Explain Python's duck typing",Explanation
"Example of using requests library",Code example
"FileNotFoundError when opening file",Error help
"How should I handle environment variables?",Best practices
"Is Python free to use?",General Q&A
"Very clear and concise answers",Feedback
"How do Python decorators chain?",Explanation
"Show me how to use pandas DataFrame",Code example
"TypeError: unhashable type: 'list'",Error help
"Best practices for code reviews",Best practices
"What's PyPI?",General Q&A
"The examples could be more complex",Feedback
"Explain Python's with statement",Explanation
"Example of creating a REST API client",Code example
"OSError: Permission denied",Error help
"How should I structure unit tests?",Best practices
"Where can I download Python?",General Q&A
"Great explanation of classes",Feedback
"How do Python descriptors work?",Explanation
"Show me how to use matplotlib",Code example
"KeyboardInterrupt handling",Error help
"Best practices for API design",Best practices
"What's the Python Software Foundation?",General Q&A
"Need more advanced topics",Feedback
"Explain Python's async/await",Explanation
"Example of using websockets",Code example
"RecursionError: maximum recursion depth exceeded",Error help
"How should I deploy Python applications?",Best practices
"Is Python object-oriented?",General Q&A
"The error solutions are helpful",Feedback
"How does super() work in Python?",Explanation
"Show me how to use regular expressions",Code example
"TabError: inconsistent use of tabs and spaces",Error help
"What's the best way to profile Python code?",Best practices
"How does Python compare to Java?",General Q&A
"Could you provide more examples?",Feedback
"Explain Python's property decorator",Explanation
"Example of using concurrent.futures",Code example
"UnicodeDecodeError when reading file",Error help
"How should I package Python applications?",Best practices
"What's PEP 8?",General Q&A
"Very helpful tutorials",Feedback
"How do Python slots work?",Explanation
"Show me how to use asyncio",Code example
"AssertionError in my test case",Error help
"Best practices for code documentation",Best practices
"What's a Python virtual environment?",General Q&A
"The best practices section needs updates",Feedback
"Explain Python's @classmethod",Explanation
"Example of using subprocess",Code example
"BlockingIOError in async code",Error help
"How should I handle database connections?",Best practices
"What's PYTHONPATH?",General Q&A
"Thanks for the detailed answers",Feedback
"How does Python handle unicode?",Explanation
"Show me how to use pathlib",Code example
"TimeoutError in network request",Error help
"Best practices for microservices",Best practices
"What's the Python standard library?",General Q&A
"Need more beginner-friendly content",Feedback
"Explain Python's __init__ method",Explanation
"Example of using datetime",Code example
"JSONDecodeError parsing response",Error help
"How should I secure Python applications?",Best practices
"What's pip?",General Q&A
"The code examples are great",Feedback
"How do Python iterators work?",Explanation
"Show me how to use logging",Code example
"ConnectionError in API call",Error help
"Best practices for testing async code",Best practices
"What's Python's history?",General Q&A
"Very informative responses",Feedback
"Explain Python's __call__ method",Explanation
"Example of using collections",Code example
"StopIteration in generator",Error help
"How should I handle concurrent requests?",Best practices
"What's Anaconda?",General Q&A
"The explanations are clear",Feedback
"How does Python scope work?",Explanation
"Show me how to use functools",Code example
"OverflowError in calculation",Error help
"Best practices for REST APIs",Best practices
"What's PyCharm?",General Q&A
"Keep up the good work",Feedback
"Explain Python's __new__ method",Explanation
"Example of using itertools",Code example
"NotImplementedError in abstract class",Error help
"How should I manage dependencies?",Best practices
"What's Jupyter Notebook?",General Q&A
"Very helpful community",Feedback
"How do Python namespaces work?",Explanation
"Show me how to use typing",Code example
"SystemError in my program",Error help
"Best practices for microservices",Best practices
"What's Python's future?",General Q&A
"Excellent documentation",Feedback
"Explain Python's __dict__",Explanation
"Example of using unittest",Code example
"ProcessLookupError in subprocess",Error help
"How should I handle migrations?",Best practices
"What's CPython?",General Q&A
"Really helpful examples",Feedback
"How does Python import work?",Explanation
"Show me how to use pickle",Code example
"BufferError in byte handling",Error help
"Best practices for API versioning",Best practices
"What's Django?",General Q&A
"Great learning resource",Feedback
"Explain Python's __slots__",Explanation
"Example of using contextlib",Code example
"ResourceWarning in file handling",Error help
"How should I handle authentication?",Best practices
"What's Flask?",General Q&A
"Thanks for the help",Feedback
"How do Python decorators work?",Explanation
"Show me how to use os.path",Code example
"ChildProcessError in multiprocessing",Error help
"Best practices for error logging",Best practices
"What's FastAPI?",General Q&A
"Very useful tutorials",Feedback
"Explain Python's __getattr__",Explanation
"Example of using shutil",Code example
"BrokenPipeError in socket",Error help
"How should I handle rate limiting?",Best practices
"What's Poetry?",General Q&A
"Excellent explanations",Feedback
"How does Python threading work?",Explanation
"Show me how to use tempfile",Code example
"ConnectionRefusedError in network",Error help
"Best practices for caching",Best practices
"What's virtualenv?",General Q&A
"Keep improving the content",Feedback
"How does QuickSort algorithm work in detail?",Explanation
"Can you show me code for implementing a binary search tree in Python?",Code example
"Why am I getting stack overflow in my recursive fibonacci implementation?",Error help
"What's the best way to handle collisions in hash tables?",Best practices
"What's the difference between merge sort and quick sort?",General Q&A
"Is my implementation of linked list efficient?",Feedback
"Explain the concept of dynamic programming with examples",Explanation
"Share code for implementing heap sort algorithm",Code example
"My AVL tree rotation is not balancing correctly, help!",Error help
"What are the recommended approaches for graph traversal?",Best practices
"When should I use DFS vs BFS?",General Q&A
"Review my implementation of Dijkstra's algorithm",Feedback
"How does the A* pathfinding algorithm work?",Explanation
"Show me how to implement a trie data structure",Code example
"Getting null pointer exception in my BST deletion code",Error help
"What's the most efficient way to implement priority queue?",Best practices
"Is binary search better than linear search?",General Q&A
"Can you check if my sorting algorithm is correct?",Feedback
"Explain time complexity analysis in simple terms",Explanation
"Give me code for implementing a max heap",Code example
"Why is my merge sort giving incorrect output?",Error help
"Best practices for implementing hash functions",Best practices
"What's the space complexity of quicksort?",General Q&A
"Is this binary tree implementation optimal?",Feedback
"How do red-black trees maintain balance?",Explanation
"Example code for depth-first search implementation",Code example
"Array index out of bounds in my bubble sort",Error help
"Most efficient way to detect cycles in a graph?",Best practices
"Difference between array and linked list?",General Q&A
"Review my dynamic programming solution",Feedback
"Explain how LRU cache works internally",Explanation
"Show implementation of Floyd Warshall algorithm",Code example
"Stack underflow error in my queue implementation",Error help
"Best way to handle graph adjacency representation?",Best practices
"Which sorting algorithm is most stable?",General Q&A
"Is my binary search implementation correct?",Feedback
"How does Bellman-Ford algorithm detect negative cycles?",Explanation
"Code example for implementing skip list",Code example
"Getting infinite loop in my selection sort",Error help
"Recommended approaches for string matching algorithms?",Best practices
"What's the difference between BTree and B+ tree?",General Q&A
"Check my implementation of Kruskal's algorithm",Feedback
"Explain how Bloom filters work",Explanation
"Implementation of Knuth-Morris-Pratt algorithm",Code example
"Why is my heap sort not maintaining heap property?",Error help
"Best practices for implementing graph algorithms",Best practices
"How does hashing work internally?",General Q&A
"Review my AVL tree implementation",Feedback
"How does Boyer-Moore pattern matching work?",Explanation
"Show me code for implementing union find",Code example
"Segmentation fault in my tree traversal code",Error help
"Most efficient way to implement string matching?",Best practices
"What's the time complexity of heap operations?",General Q&A
"Is my quick sort partition correct?",Feedback
"Explain how Fibonacci heap works",Explanation
"Implementation of Rabin-Karp algorithm",Code example
"Getting stack overflow in DFS implementation",Error help
"Best approach for implementing minimum spanning tree?",Best practices
"Difference between hash set and tree set?",General Q&A
"Check my implementation of Floyd's algorithm",Feedback
"How does topological sorting work?",Explanation
"Code for implementing circular queue",Code example
"Array bounds error in my heap implementation",Error help
"Most efficient way to detect palindromes?",Best practices
"When to use dynamic programming?",General Q&A
"Review my graph coloring implementation",Feedback
"Explain how B+ trees are better than BTrees",Explanation
"Show me how to implement counting sort",Code example
"Why is my binary search returning wrong index?",Error help
"Best practices for tree traversal algorithms?",Best practices
"What's the difference between BFS and Dijkstra?",General Q&A
"Is my string matching algorithm efficient?",Feedback
"How does Huffman coding work?",Explanation
"Implementation of radix sort algorithm",Code example
"Null pointer in my linked list insertion",Error help
"Most efficient way to implement disjoint sets?",Best practices
"Which tree traversal should I use?",General Q&A
"Check my minimum spanning tree code",Feedback
"Explain how skip lists achieve O(log n)",Explanation
"Code for implementing deque data structure",Code example
"Getting overflow in my factorial recursion",Error help
"Best way to handle graph edge cases?",Best practices
"What's the difference between heap and BST?",General Q&A
"Review my pattern matching implementation",Feedback
"How does Tarjan's algorithm work?",Explanation
"Show implementation of splay tree",Code example
"Why is my quicksort not partitioning correctly?",Error help
"Recommended approach for dynamic programming problems?",Best practices
"When should I use hash table vs BST?",General Q&A
"Is my graph traversal implementation correct?",Feedback
"Explain how Fenwick trees work",Explanation
"Code example for implementing AVL tree",Code example
"Stack overflow in my recursive DFS",Error help
"Best practices for implementing sorting algorithms?",Best practices
"What's the difference between trees and graphs?",General Q&A
"Check my binary search implementation",Feedback
"How does Johnson's algorithm work?",Explanation
"Implementation of LRU cache with doubly linked list",Code example
"Getting wrong output in my merge sort",Error help
"Most efficient way to implement priority queue?",Best practices
"Which data structure for frequent insertions?",General Q&A
"Review my red-black tree implementation",Feedback
"Explain how segment trees work",Explanation
"Show me code for implementing hash table",Code example
"Index error in my heap delete operation",Error help
"Best approach for implementing graph traversal?",Best practices
"Difference between stack and queue?",General Q&A
"Is my sorting algorithm implementation efficient?",Feedback
"How does Kosaraju's algorithm work?",Explanation
"Implementation of trie with deletion",Code example
"Why is my BST insertion not working?",Error help
"Most efficient way to handle string operations?",Best practices
"When to use arrays vs linked lists?",General Q&A
"Check my dynamic programming solution efficiency",Feedback
"Explain how suffix arrays work",Explanation
"Code for implementing circular linked list",Code example
"Getting memory leak in my tree implementation",Error help
"Best practices for implementing hash functions?",Best practices
"What's the difference between DFS and backtracking?",General Q&A
"Review my string matching algorithm",Feedback
"How does Ford-Fulkerson algorithm work?",Explanation
"Show implementation of B-tree",Code example
"Infinite recursion in my tree traversal",Error help
"Most efficient way to implement graph storage?",Best practices
"Which sorting algorithm for nearly sorted data?",General Q&A
"Is my heap implementation correct?",Feedback
"Explain how van Emde Boas trees work",Explanation
"Code example for implementing Fibonacci heap",Code example
"Why is my union find not working correctly?",Error help
"Best approach for implementing string algorithms?",Best practices
"What's the difference between sorts in practice?",General Q&A
"Check my shortest path implementation",Feedback
"How does Kruskal's algorithm ensure no cycles?",Explanation
"Implementation of persistent data structures",Code example
"Getting wrong results in my DFS traversal",Error help
"Most efficient way to implement tree rotations?",Best practices
"When should I use adjacency matrix vs list?",General Q&A
"Review my hash table implementation",Feedback
"Explain how treaps maintain heap property",Explanation
"Show me code for implementing skip list",Code example
"Null reference in my graph implementation",Error help
"Best practices for implementing tree balancing?",Best practices
"What's the difference between heaps and priority queues?",General Q&A
"Is my pattern matching solution optimal?",Feedback
"How does Edmonds-Karp algorithm work?",Explanation
"Implementation of suffix tree",Code example
"Stack overflow in my recursive sort",Error help
"Most efficient way to handle tree rebalancing?",Best practices
"Which data structure for LRU cache?",General Q&A
"Check my string algorithm implementation",Feedback
"Explain how rope data structure works",Explanation
"Code for implementing binomial heap",Code example
"Getting cycle in my directed graph",Error help
"Best approach for implementing caches?",Best practices
"What's the difference between trees and tries?",General Q&A
"Review my graph algorithm implementation",Feedback
"How does Prim's algorithm work?",Explanation
"Show implementation of threaded binary tree",Code example
"Why is my sorting algorithm so slow?",Error help
"Most efficient way to implement hash collision resolution?",Best practices
"When to use balanced vs unbalanced trees?",General Q&A
"Is my tree traversal implementation correct?",Feedback
"Explain how skip lists work",Explanation
"Code example for implementing Red-Black tree",Code example
"Getting wrong output in my graph traversal",Error help
"Best practices for implementing tree traversal?",Best practices
"What's the difference between BFS and DFS in practice?",General Q&A
"Check my sorting algorithm efficiency",Feedback
"How does Floyd's cycle finding algorithm work?",Explanation
"Implementation of persistent segment tree",Code example
"Memory leak in my hash table implementation",Error help
"Most efficient way to implement string searching?",Best practices
"Which algorithm for shortest path with negative edges?",General Q&A
"Review my tree implementation",Feedback
"Explain how B-trees handle insertions",Explanation
"Show me code for implementing AVL rotations",Code example
"Why is my binary search not terminating?",Error help
"Best approach for implementing dynamic arrays?",Best practices
"What's the difference between sorts in theory vs practice?",General Q&A
"Is my graph algorithm implementation efficient?",Feedback
"How does Dijkstra's algorithm handle negative weights?",Explanation
"Implementation of concurrent hash map",Code example
"Getting deadlock in my tree operations",Error help
"Most efficient way to implement string matching?",Best practices
"When should I use linear vs binary search?",General Q&A
"Check my implementation of union find",Feedback
"Explain how suffix trees enable pattern matching",Explanation
"Code for implementing doubly linked list",Code example
"Stack overflow in my recursive algorithm",Error help
"Best practices for implementing graph traversal?",Best practices
"What's the difference between hash functions?",General Q&A
"Review my implementation of LRU cache",Feedback
"How does Knuth-Morris-Pratt avoid backtracking?",Explanation
"Show implementation of heap sort",Code example
"Why is my tree rotation breaking structure?",Error help
"Most efficient way to implement priority queue?",Best practices
"Which data structure for frequent lookups?",General Q&A
"Is my implementation of Dijkstra's correct?",Feedback
"Explain how balanced trees maintain balance",Explanation
"Code example for implementing queue using stacks",Code example
"Getting overflow in my recursive implementation",Error help
"Best approach for implementing hash tables?",Best practices
"What's the difference between tree traversals?",General Q&A
"Check my implementation of KMP algorithm",Feedback
"How does quicksort choose pivot?",Explanation
"Implementation of segment tree with lazy propagation",Code example
"Null pointer in my graph implementation",Error help
"Most efficient way to implement string operations?",Best practices
"When to use different tree structures?",General Q&A
"Review my sorting algorithm implementation",Feedback